# 言外补充词库：现代生活与网络常用词（手工整理，基础词库没收的部分）。词	音节	词频
筋膜枪	jin mo qiang	9000
泡沫轴	pao mo zhou	4000
瑜伽垫	yu jia dian	6000
哑铃	ya ling	6000
健身房	jian shen fang	20000
增肌	zeng ji	6000
减脂	jian zhi	7000
有氧运动	you yang yun dong	8000
力量训练	li liang xun lian	6000
蛋白粉	dan bai fen	5000
运动手环	yun dong shou huan	3000
智能手表	zhi neng shou biao	6000
扫地机器人	sao di ji qi ren	5000
洗地机	xi di ji	3000
空气炸锅	kong qi zha guo	5000
破壁机	po bi ji	3000
电动牙刷	dian dong ya shua	4000
冲牙器	chong ya qi	2000
蓝牙耳机	lan ya er ji	12000
降噪耳机	jiang zao er ji	4000
无线充电	wu xian chong dian	5000
快充	kuai chong	5000
充电宝	chong dian bao	9000
移动电源	yi dong dian yuan	4000
平板电脑	ping ban dian nao	8000
折叠屏	zhe die ping	3000
投影仪	tou ying yi	5000
露营	lu ying	9000
徒步	tu bu	7000
飞盘	fei pan	3000
桨板	jiang ban	1500
电动车	dian dong che	12000
新能源汽车	xin neng yuan qi che	9000
充电桩	chong dian zhuang	5000
自动驾驶	zi dong jia shi	6000
大语言模型	da yu yan mo xing	4000
人工智能	ren gong zhi neng	30000
机器学习	ji qi xue xi	12000
深度学习	shen du xue xi	12000
神经网络	shen jing wang luo	10000
智能体	zhi neng ti	2500
提示词	ti shi ci	3000
内卷	nei juan	9000
躺平	tang ping	8000
摆烂	bai lan	5000
破防	po fang	5000
种草	zhong cao	7000
拔草	ba cao	3000
安利	an li	5000
打卡	da ka	15000
网红	wang hong	12000
带货	dai huo	5000
直播带货	zhi bo dai huo	5000
短视频	duan shi pin	10000
小程序	xiao cheng xu	8000
二维码	er wei ma	10000
扫码	sao ma	6000
外卖	wai mai	20000
网约车	wang yue che	6000
共享单车	gong xiang dan che	7000
预制菜	yu zhi cai	4000
咖啡因	ka fei yin	5000
冷萃	leng cui	1500
燕麦奶	yan mai nai	2000
代糖	dai tang	2500
轻食	qing shi	2500
低碳水	di tan shui	2000
生酮	sheng tong	2000
熬夜	ao ye	12000
内耗	nei hao	4000
焦虑症	jiao lv zheng	5000
抑郁症	yi yu zheng	6000
情绪价值	qing xu jia zhi	4000
断舍离	duan she li	4000
极简主义	ji jian zhu yi	4000
社恐	she kong	5000
社牛	she niu	3000
打工人	da gong ren	6000
乙方	yi fang	7000
甲方	jia fang	12000
副业	fu ye	7000
远程办公	yuan cheng ban gong	4000
灵活就业	ling huo jiu ye	3000
考公	kao gong	4000
考研	kao yan	15000
保研	bao yan	8000
网课	wang ke	5000
刷题	shua ti	5000
卷王	juan wang	3000
绝绝子	jue jue zi	3000
电子榨菜	dian zi zha cai	1500
多巴胺	duo ba an	6000
内啡肽	nei fei tai	3000
褪黑素	tui hei su	3000
益生菌	yi sheng jun	5000
维生素	wei sheng su	12000
胶原蛋白	jiao yuan dan bai	6000
防晒霜	fang shai shuang	6000
精华液	jing hua ye	4000
面膜	mian mo	12000
玻尿酸	bo niao suan	4000
烟酰胺	yan xian an	2500
水光针	shui guang zhen	1500
医美	yi mei	4000
美甲	mei jia	5000
盲盒	mang he	4000
手办	shou ban	4000
剧本杀	ju ben sha	3500
密室逃脱	mi shi tao tuo	3000
电竞	dian jing	9000
开黑	kai hei	3000
氪金	ke jin	3000
手游	shou you	7000
独立游戏	du li you xi	3000
元宇宙	yuan yu zhou	5000
区块链	qu kuai lian	9000
比特币	bi te bi	9000
数字货币	shu zi huo bi	6000
云计算	yun ji suan	10000
大数据	da shu ju	20000
物联网	wu lian wang	9000
芯片	xin pian	25000
光刻机	guang ke ji	3000
半导体	ban dao ti	10000
算力	suan li	5000
开源	kai yuan	9000
低代码	di dai ma	2500
前端	qian duan	9000
后端	hou duan	9000
全栈	quan zhan	4000
程序员	cheng xu yuan	20000
码农	ma nong	4000
加班	jia ban	20000
调休	tiao xiu	6000
五险一金	wu xian yi jin	8000
年终奖	nian zhong jiang	8000
裁员	cai yuan	9000
内推	nei tui	3000
跳槽	tiao cao	8000
简历	jian li	15000
面试官	mian shi guan	5000
实习生	shi xi sheng	7000
考编	kao bian	2500
租房	zu fang	12000
合租	he zu	5000
房贷	fang dai	9000
公积金	gong ji jin	9000
理财	li cai	20000
支付宝	zhi fu bao	15000
快递柜	kuai di gui	3000
取件码	qu jian ma	3000
驿站	yi zhan	4000
闲鱼	xian yu	6000
拼多多	pin duo duo	8000
小红书	xiao hong shu	9000
抖音	dou yin	20000
快手	kuai shou	9000
哔哩哔哩	bi li bi li	5000
知乎	zhi hu	12000
豆瓣	dou ban	12000
微博	wei bo	30000
朋友圈	peng you quan	20000
公众号	gong zhong hao	12000
视频号	shi pin hao	6000
群聊	qun liao	8000
拉黑	la hei	6000
已读不回	yi du bu hui	3000
秒回	miao hui	4000
表情包	biao qing bao	8000
斗图	dou tu	2500
点赞	dian zan	12000
转发	zhuan fa	15000
评论区	ping lun qu	6000
弹幕	dan mu	9000
粉丝	fen si	25000
涨粉	zhang fen	4000
掉粉	diao fen	2000
博主	bo zhu	10000
